{
  "\u4e60\u8fd1\u5e73\u5916\u4ea4": 2.8000000000000003,
  "\u4e9a\u592a\u7ecf\u5408\u7ec4\u7ec7": 1.5,
  "\u7ecf\u6d4e\u5168\u7403\u5316": 0.6,
  "\u5b8f\u89c2\u7ecf\u6d4e\u653f\u7b56\u534f\u8c03": 0.7,
  "\u6539\u9769\u521b\u65b0": 0.5,
  "\u591a\u8fb9\u8d38\u6613\u4f53\u5236": 0.6,
  "\u5f00\u653e\u5f0f\u53d1\u5c55": 0.5,
  "\u8d38\u6613\u4fdd\u62a4\u4e3b\u4e49": 0.4,
  "\u7ecf\u6d4e\u91d1\u878d\u7a33\u5b9a": 0.6,
  "\u4e0a\u6d77\u5408\u4f5c\u7ec4\u7ec7": 1.5,
  "\u5408\u4f5c": 2.3,
  "\u5b89\u5168\u7a33\u5b9a": 0.6,
  "\u8d38\u6613\u6295\u8d44": 0.5,
  "\u80fd\u6e90": 0.4,
  "\u4eba\u6587\u4ea4\u6d41": 0.5,
  "\u53d9\u5229\u4e9a\u95ee\u9898": 0.2,
  "\u963f\u5bcc\u6c57": 0.2,
  "\u91d1\u878d\u5408\u4f5c": 0.2,
  "\u4f20\u7edf\u533b\u5b66": 0.1,
  "\u53f8\u6cd5\u90e8\u957f\u4f1a\u8bae": 0.6,
  "\u6cd5\u6cbb\u5efa\u8bbe": 0.5,
  "\u6210\u5458\u56fd\u5408\u4f5c": 0.4,
  "\u5730\u533a\u548c\u5e73": 0.8,
  "\u56fd\u9645\u793e\u4f1a": 0.2,
  "\u79d1\u5b66\u7acb\u6cd5": 0.1,
  "\u793e\u4f1a\u4e3b\u4e49\u6cd5\u6cbb": 0.1,
  "\u5c0f\u5eb7\u793e\u4f1a": 0.1,
  "\u4e16\u754c\u7ecf\u6d4e\u589e\u957f": 0.8,
  "\u5f00\u653e\u578b\u4e16\u754c\u7ecf\u6d4e": 0.7,
  "\u7ecf\u6d4e\u589e\u957f\u8d28\u91cf": 0.6,
  "\u4e8c\u5341\u56fd\u96c6\u56e2": 0.8,
  "\u5168\u7403\u7ecf\u6d4e\u6cbb\u7406": 1.0,
  "\u6539\u9769": 0.6,
  "\u5e02\u573a\u4f53\u7cfb\u5efa\u8bbe": 0.5,
  "\u8d38\u6613\u4e89\u7aef": 0.4,
  "\u4e2d\u975e\u53cb\u8c0a": 0.30000000000000004,
  "\u53d1\u5c55": 0.8,
  "\u975e\u6d32": 0.2,
  "\u4e2d\u521a\u5173\u7cfb": 0.2,
  "\u53cb\u597d\u5408\u4f5c": 0.2,
  "\u56fd\u9645\u5173\u7cfb": 0.6000000000000001,
  "\u6c11\u95f4\u4ea4\u5f80": 0.2,
  "\u91d1\u7816\u56fd\u5bb6": 0.8,
  "\u7ecf\u6d4e": 0.4,
  "\u5f00\u653e": 0.3,
  "\u5408\u7406\u5173\u5207": 0.3,
  "\u6c11\u4e3b\u5316": 0.3
}