{
  "\u4e60\u8fd1\u5e73\u5916\u4ea4": 8.0,
  "\u592a\u5e73\u6d0b\u5c9b\u56fd": 0.8,
  "\u53cb\u597d\u5408\u4f5c": 3.4000000000000004,
  "\u7ecf\u6d4e\u53d1\u5c55": 0.6,
  "\u4eba\u6587\u4ea4\u6d41": 3.1999999999999997,
  "\u652f\u6301\u5c9b\u56fd": 0.6,
  "\u4e2d\u6590\u5173\u7cfb": 0.5,
  "\u6c38\u8fdc\u505a\u670b\u53cb": 0.5,
  "\u533a\u57df\u5408\u4f5c": 0.4,
  "\u4e2d\u56fd\u68a6": 0.3,
  "\u4e2d\u65b0\u5173\u7cfb": 0.8,
  "\u53cc\u8fb9\u5408\u4f5c": 2.0,
  "\u56fd\u9645\u5408\u4f5c": 1.4000000000000001,
  "\u4e92\u5229\u5171\u8d62": 1.5999999999999999,
  "\u53d1\u5c55\u6218\u7565": 0.4,
  "\u4e9a\u592a\u5730\u533a": 0.5,
  "\u5730\u9707\u6551\u63f4": 0.2,
  "\u4e8c\u5341\u56fd\u96c6\u56e2": 1.1,
  "\u5168\u9762\u589e\u957f\u6218\u7565": 0.6,
  "\u57fa\u7840\u8bbe\u65bd\u5efa\u8bbe": 1.0,
  "\u5f00\u653e\u578b\u4e16\u754c\u7ecf\u6d4e": 0.4,
  "\u5168\u7403\u7ecf\u6d4e\u6cbb\u7406": 0.6000000000000001,
  "\u4e2d\u56fd\u7ecf\u6d4e\u589e\u957f": 0.4,
  "\u8d38\u6613\u4f53\u7cfb": 0.8,
  "\u56fd\u9645\u91d1\u878d\u4f53\u7cfb": 0.3,
  "\u589e\u957f\u8d28\u91cf": 0.3,
  "\u7ed3\u6784\u6539\u9769": 0.3,
  "\u4e2d\u6fb3\u5173\u7cfb": 0.7,
  "\u7ecf\u6d4e\u5408\u4f5c": 3.4000000000000004,
  "\u6539\u9769\u5f00\u653e": 0.5,
  "\u4e9a\u592a\u7ecf\u5408\u7ec4\u7ec7": 1.6,
  "\u533a\u57df\u7ecf\u6d4e\u4e00\u4f53\u5316": 0.6,
  "\u6539\u9769\u521b\u65b0": 1.2,
  "\u4e92\u8054\u4e92\u901a": 1.4,
  "\u5171\u540c\u89c4\u5212\u53d1\u5c55\u613f\u666f": 0.4,
  "\u5168\u7403\u6027\u6311\u6218": 0.8,
  "\u5408\u4f5c\u5e73\u53f0": 0.7,
  "\u8054\u52a8\u53d1\u5c55": 0.3,
  "\u652f\u6301\u53d1\u5c55\u4e2d\u6210\u5458": 0.3,
  "\u5317\u4eac\u96c1\u6816\u6e56": 0.2,
  "\u7ecf\u6d4e\u4e00\u4f53\u5316": 0.6,
  "\u81ea\u7531\u8d38\u6613\u533a": 0.5,
  "\u53cd\u8150\u8d25\u5408\u4f5c": 0.4,
  "\u53ef\u6301\u7eed\u53d1\u5c55": 0.4,
  "\u4e2d\u534e\u4eba\u6c11\u5171\u548c\u56fd\u6210\u7acb": 0.2,
  "\u4e2d\u56fd\u7279\u8272\u793e\u4f1a\u4e3b\u4e49": 0.15,
  "\u53d1\u5c55": 1.7999999999999998,
  "\u548c\u5e73\u5916\u4ea4": 0.7999999999999999,
  "\u4e2d\u56fd\u5171\u4ea7\u515a": 0.1,
  "\u56e2\u7ed3": 0.1,
  "\u9999\u6e2f\u6fb3\u95e8\u53f0\u6e7e": 0.05,
  "\u4eba\u6c11": 0.05,
  "\u81ea\u4fe1": 0.05,
  "\u5370\u5ea6": 0.30000000000000004,
  "\u6218\u7565\u5408\u4f5c\u4f19\u4f34\u5173\u7cfb": 0.55,
  "\u4e9a\u6d32\u4e16\u7eaa": 0.2,
  "\u6539\u9769\u53d1\u5c55": 0.8,
  "\u4e2d\u5370\u5173\u7cfb": 0.25,
  "\u5408\u4f5c\u4f19\u4f34": 0.2,
  "\u56fd\u9645\u79e9\u5e8f": 0.35000000000000003,
  "\u548c\u5e73\u5171\u5904;": 0.55,
  "\u65af\u91cc\u5170\u5361": 0.7,
  "\u53cc\u8fb9\u5173\u7cfb": 0.6,
  "\u5408\u4f5c": 4.7,
  "\u4e1d\u7ef8\u4e4b\u8def": 1.4,
  "\u53cb\u8c0a": 1.5000000000000002,
  "\u6587\u5316\u4ea4\u6d41": 0.4,
  "\u4e2d\u9a6c\u5173\u7cfb": 1.7000000000000002,
  "\u591a\u8fb9\u534f\u8c03": 0.4,
  "\u653f\u6cbb\u4e92\u4fe1": 0.7,
  "\u65c5\u6e38\u5408\u4f5c": 0.5,
  "\u53d1\u5c55\u673a\u9047": 0.6,
  "\u4e0a\u6d77\u5408\u4f5c\u7ec4\u7ec7": 1.1,
  "\u5b89\u5168\u7a33\u5b9a": 0.8,
  "\u5171\u540c\u53d1\u5c55": 0.7,
  "\u6269\u5927\u5bf9\u5916\u4ea4\u6d41": 0.6,
  "\u6c11\u5fc3\u76f8\u901a": 0.5,
  "\u53cd\u6050\u6016": 0.4,
  "\u4e2d\u5854\u53cb\u597d": 0.30000000000000004,
  "\u76f8\u4e92\u5c0a\u91cd": 0.6000000000000001,
  "\u5468\u8fb9\u5916\u4ea4": 0.1,
  "\u5b89\u5168\u7ecf\u6d4e\u4eba\u6587": 0.1,
  "\u9ad8\u5c71\u4e4b\u56fd;": 0.1,
  "\u4e2d\u8499\u5173\u7cfb": 0.8,
  "\u5730\u7f18\u5173\u7cfb": 0.2,
  "\u4e92\u5229": 0.6,
  "\u6295\u8d44": 0.5,
  "\u5168\u9762\u5408\u4f5c\u4f19\u4f34\u5173\u7cfb": 0.2,
  "\u91d1\u7816\u56fd\u5bb6": 0.30000000000000004,
  "\u53ef\u6301\u7eed\u589e\u957f": 0.2,
  "\u5916\u90e8\u53d1\u5c55\u73af\u5883": 0.2,
  "\u9053\u4e49\u611f\u53ec\u529b": 0.2,
  "\u4e2d\u56fd\u5916\u4ea4\uff1b": 0.2,
  "\u4e2d\u7f8e\u5173\u7cfb": 0.8,
  "\u65b0\u578b\u5927\u56fd\u5173\u7cfb": 0.8999999999999999,
  "\u4e92\u4fe1": 0.5,
  "\u5bf9\u8bdd": 0.2,
  "\u5171\u540c\u5229\u76ca": 0.1,
  "\u6784\u5efa": 0.1,
  "\u4e2d\u97e9\u5173\u7cfb": 0.7,
  "\u53cc\u8fb9\u8d38\u6613": 0.9,
  "\u97e9\u56fd\u8bbf\u95ee": 0.3,
  "\u671d\u9c9c\u534a\u5c9b\u65e0\u6838\u5316": 0.3,
  "\u53cc\u65b9\u5173\u7cfb\u53d1\u5c55": 0.3,
  "\u4e2d\u975e\u6c11\u95f4\u8bba\u575b": 0.7,
  "\u4e2d\u975e\u5173\u7cfb": 0.4,
  "\u975e\u6d32\u53d1\u5c55": 0.2,
  "\u4e2d\u6b27\u53cb\u8c0a": 0.7,
  "\u6bd4\u5229\u65f6": 0.5,
  "\u4eba\u7c7b\u8fdb\u6b65": 0.1,
  "\u6587\u660e\u4e92\u9274": 0.1,
  "\u4e2d\u5fb7\u5408\u4f5c": 0.8,
  "\u4e24\u56fd\u5173\u7cfb": 0.6,
  "\u4e92\u5b66\u4e92\u9274": 0.3,
  "\u6c11\u751f\u6539\u5584": 0.2,
  "\u4e2d\u6cd5\u5173\u7cfb": 0.8,
  "\u6b27\u6d32\u4e00\u4f53\u5316": 0.8999999999999999,
  "\u8d38\u6613\u7ea0\u7eb7": 0.1,
  "\u6838\u5b89\u5168": 1.7000000000000002,
  "\u5b89\u5168\u7b2c\u4e00": 0.4,
  "\u6743\u5229\u548c\u4e49\u52a1": 0.4,
  "\u81ea\u4e3b\u548c\u534f\u4f5c": 0.4,
  "\u6cbb\u6807\u548c\u6cbb\u672c": 0.4,
  "\u4e2d\u56fd": 0.3,
  "\u6b27\u6d32": 0.5,
  "\u8bbf\u95ee": 0.4,
  "\u8377\u5170": 0.1,
  "\u548c\u5e73\u5171\u5904": 0.0,
  "\u4eba\u6c11\u53cb\u8c0a": 0.0,
  "\u548c\u5e73\u53d1\u5c55": 0.0,
  "\u4e92\u5229\u5408\u4f5c": 0.0,
  "\u8d38\u6613": 0.3,
  "\u548c\u5e73\u7a33\u5b9a": 0.3,
  "\u56fd\u9645\u6838\u5b89\u5168\u4f53\u7cfb": 0.0
}