{
  "\u4e2d\u975e\u5173\u7cfb": 1.05,
  "\u5408\u4f5c\u5171\u8d62": 5.999999999999999,
  "\u8bba\u575b\u5cf0\u4f1a": 0.6,
  "\u53d1\u5c55": 3.3000000000000003,
  "\u53cb\u597d\u5408\u4f5c": 2.7,
  "\u5171\u540c\u53d1\u5c55": 0.6000000000000001,
  "\u56fd\u9645\u5173\u7cfb": 1.9000000000000001,
  "\u5408\u4f5c\u8ba1\u5212": 1.2999999999999998,
  "\u653f\u6cbb\u4e92\u4fe1": 1.2,
  "\u4e60\u8fd1\u5e73\u5916\u4ea4": 10.2,
  "\u4e2d\u975e\u7ecf\u8d38\u5408\u4f5c": 0.7,
  "\u5de5\u4e1a\u5316": 0.6,
  "\u53ef\u6301\u7eed\u53d1\u5c55": 0.7999999999999999,
  "\u4e92\u5229\u5171\u8d62": 1.2,
  "\u5f00\u653e\u5305\u5bb9": 0.3,
  "\u57fa\u7840\u8bbe\u65bd\u5efa\u8bbe": 0.2,
  "\u7eff\u8272\u4f4e\u78b3": 0.1,
  "\u4f01\u4e1a\u5bb6": 0.1,
  "\u5357\u975e": 0.8,
  "\u4e2d\u5357\u5173\u7cfb": 0.7,
  "\u5408\u4f5c\u8bba\u575b": 0.6,
  "\u53cb\u8c0a": 1.5,
  "\u7ecf\u8d38\u5408\u4f5c": 1.9,
  "\u4eba\u6587\u4ea4\u6d41": 1.8,
  "\u4e2d\u975e\u5a92\u4f53\u9886\u8896\u5cf0\u4f1a": 1.0,
  "\u4eba\u6c11\u4ea4\u6d41": 0.6,
  "\u5168\u7403\u6cbb\u7406": 1.9000000000000001,
  "\u4ea4\u6d41\u5408\u4f5c": 0.6,
  "\u53ef\u9760\u670b\u53cb": 0.5,
  "\u516c\u6b63\u5408\u7406": 0.4,
  "\u4e2d\u6d25\u53cb\u8c0a": 0.8,
  "\u6d25\u5df4\u5e03\u97e6": 0.7,
  "\u53cb\u597d": 0.5,
  "\u4eba\u6c11": 0.6,
  "\u4e2d\u975e\u5408\u4f5c\u8bba\u575b": 0.1,
  "\u4e9a\u592a\u5408\u4f5c": 0.1,
  "\u7ecf\u6d4e\u589e\u957f": 0.1,
  "\u4e00\u5e26\u4e00\u8def": 0.1,
  "\u81ea\u7531\u8d38\u6613\u533a": 0.1,
  "\u4e92\u8054\u4e92\u901a": 0.1,
  "\u57ce\u9547\u5316": 0.1,
  "\u4e00\u4f53\u5316": 0.1,
  "\u591a\u8fb9\u8d38\u6613\u4f53\u5236": 0.1,
  "\u4e92\u5229\u5408\u4f5c;": 0.7,
  "\u4e8c\u5341\u56fd\u96c6\u56e2": 1.1,
  "\u676d\u5dde\u5cf0\u4f1a": 0.7,
  "\u4e16\u754c\u7ecf\u6d4e": 0.6,
  "\u521b\u65b0\u6d3b\u529b": 0.9,
  "\u56fd\u9645\u8d38\u6613": 0.3,
  "\u6c9f\u901a": 0.1,
  "\u91d1\u7816\u56fd\u5bb6": 1.6,
  "\u53cd\u6050\u5408\u4f5c": 0.5,
  "\u7ecf\u6d4e\u5347\u7ea7": 0.4,
  "\u5357\u5357\u5408\u4f5c": 1.1,
  "\u8d38\u6613\u4fdd\u62a4\u4e3b\u4e49": 0.2,
  "\u56fd\u9645\u8d27\u5e01\u4f53\u7cfb": 0.2,
  "\u4e2d\u65b0\u5173\u7cfb": 0.7,
  "\u65b0\u52a0\u5761": 0.4,
  "\u7ecf\u6d4e": 0.7,
  "\u653f\u6cbb": 0.2,
  "\u6218\u7565": 0.1,
  "\u4e2d\u8d8a\u5173\u7cfb": 0.7,
  "\u5468\u8fb9\u5916\u4ea4": 0.5,
  "\u8fb9\u754c\u95ee\u9898": 0.2,
  "\u793e\u4f1a\u4e3b\u4e49\u5efa\u8bbe": 0.2,
  "\u4e9a\u6d32\u547d\u8fd0\u5171\u540c\u4f53": 0.2,
  "\u4e2d\u56fd\u68a6": 0.2,
  "\u548c\u5e73\u53d1\u5c55": 2.4499999999999997,
  "\u591a\u8fb9\u4e3b\u4e49": 0.1,
  "\u6587\u660e\u4ea4\u6d41": 0.1,
  "\u751f\u6001\u6587\u660e": 0.1,
  "\u8054\u5408\u56fd": 0.05,
  "\u7537\u5973\u5e73\u7b49": 0.1,
  "\u5987\u5973\u53d1\u5c55": 0.1,
  "\u5317\u4eac\u4e16\u754c\u5987\u5973\u5927\u4f1a": 0.1,
  "\u5987\u5973\u6743\u76ca": 0.1,
  "\u53d1\u5c55\u4e2d\u56fd\u5bb6": 0.1,
  "\u5987\u5973\u5065\u5eb7": 0.1,
  "\u5987\u5973\u6559\u80b2": 0.1,
  "\u5987\u5973\u53c2\u4e0e;": 0.1,
  "\u56fd\u9645": 0.5,
  "\u4e2d\u56fd": 0.6,
  "\u516c\u5e73": 0.4,
  "\u843d\u5b9e": 0.4,
  "\u8d2b\u56f0": 0.3,
  "\u4e2d\u7f8e\u5173\u7cfb": 1.4,
  "\u65b0\u578b\u5927\u56fd\u5173\u7cfb": 0.5,
  "\u589e\u8fdb\u6218\u7565\u4e92\u4fe1": 0.3,
  "\u6784\u5efa\u6b63\u786e\u65b9\u5411": 0.2,
  "\u65c5\u7f8e\u4fa8\u80de": 0.6,
  "\u4e2d\u534e\u6c11\u65cf\u4f1f\u5927\u590d\u5174": 0.5,
  "\u6539\u9769\u5f00\u653e": 0.4,
  "\u4e2d\u7f8e\u5408\u4f5c": 0.3,
  "\u4e2d\u534e\u6587\u5316": 0.2,
  "\u4e2d\u7f8e\u7701\u5dde\u957f\u8bba\u575b": 0.1,
  "\u5730\u65b9\u5408\u4f5c": 0.2,
  "\u7ecf\u6d4e\u5de8\u5927\u4f53\u91cf": 0.1,
  "\u6539\u9769\u53d1\u5c55": 0.30000000000000004,
  "\u653f\u7b56\u5229\u597d": 0.1,
  "\u4f18\u52bf\u4e92\u8865": 0.1,
  "\u5c31\u4e1a": 0.1,
  "\u6559\u80b2\u5408\u4f5c": 0.1,
  "\u4e0a\u6d77\u5408\u4f5c\u7ec4\u7ec7": 0.8,
  "\u201c\u4e0a\u6d77\u7cbe\u795e\u201d": 0.6,
  "\u5b89\u5168\u7a33\u5b9a": 0.6,
  "\u6c11\u5fc3\u76f8\u901a": 0.2,
  "\u7ecf\u6d4e\u6cbb\u7406": 0.3,
  "\u591a\u5143\u6587\u660e": 0.2,
  "\u4e9a\u4fe1": 0.1,
  "\u5b89\u5168\u6cbb\u7406": 0.1,
  "\u975e\u653f\u5e9c\u8bba\u575b": 0.1,
  "\u4e92\u5c0a\u4e92\u4fe1": 0.1,
  "\u5f71\u54cd\u529b;": 0.1,
  "\u4e2d\u65e5\u53cb\u597d": 0.7,
  "\u5386\u53f2": 0.5,
  "\u9752\u5e74": 0.3,
  "\u6297\u65e5\u6218\u4e89": 0.7,
  "\u4e9a\u6d32\u548c\u4e16\u754c": 0.3,
  "\u4e2d\u767d\u5173\u7cfb": 0.7,
  "\u7b2c\u4e8c\u6b21\u4e16\u754c\u5927\u6218": 0.1,
  "\u536b\u56fd\u6218\u4e89": 0.7,
  "\u4e2d\u4fc4\u53cb\u8c0a": 0.6,
  "\u5386\u53f2\u8bb0\u5fc6": 0.5,
  "\u4eba\u7c7b\u8fdb\u6b65": 0.2,
  "\u7eaa\u5ff5\u6d3b\u52a8": 0.2,
  "\u4e2d\u56fd\u4e0e\u5df4\u57fa\u65af\u5766\u5173\u7cfb": 0.1,
  "\u4e2d\u5df4\u7ecf\u6d4e\u8d70\u5eca\u5efa\u8bbe": 0.1,
  "\u5916\u4ea4\u6218\u7565": 0.1,
  "\u5468\u8fb9\u73af\u5883;": 0.1,
  "\u8d8a\u5357": 0.1,
  "\u9752\u5e74\u53cb\u597d\u4f1a\u89c1": 0.1,
  "\u4f20\u7edf\u53cb\u8c0a": 0.1,
  "\u5efa\u8bbe\u8005": 0.1,
  "\u9752\u5e74\u4ee3\u8868;": 0.1,
  "\u4e2d\u62c9\u8bba\u575b": 0.8,
  "\u56fd\u9645\u5408\u4f5c": 0.4,
  "\u5168\u7403\u4f19\u4f34": 0.0,
  "\u6df1\u5316\u5408\u4f5c": 0.0,
  "\u5408\u4f5c": 0.0,
  "\u53d1\u5c55\u5408\u4f5c": 0.0,
  "\u56fd\u9645\u4e8b\u52a1": 0.05,
  "\u53cc\u8fb9\u5408\u4f5c": 0.0,
  "\u548c\u5e73": 0.0,
  "\u4eba\u6c11\u53cb\u8c0a": 0.2,
  "\u4e16\u754c\u548c\u5e73\u4e0e\u53d1\u5c55": 0.0,
  "\u5e73\u548c\u53d1\u5c55": 0.0,
  "\u4e92\u5229\u5408\u4f5c": 0.0
}