{
  "\u4e60\u8fd1\u5e73\u5916\u4ea4": 5.999999999999998,
  "\u4e2d\u56fd\u53d1\u5c55": 0.30000000000000004,
  "\u4eba\u6743": 0.1,
  "\u53ef\u6301\u7eed\u53d1\u5c55": 0.4,
  "\u56fd\u9645\u5408\u4f5c": 0.7,
  "\u4e2d\u56fd\u7279\u8272": 0.1,
  "\u5168\u7403\u6cbb\u7406": 0.4,
  "\u4e2d\u56fd\u68a6": 0.2,
  "\u7814\u8ba8\u4f1a": 0.1,
  "\u8d3a\u4fe1;": 0.1,
  "\u4e2d\u56fd\u548c\u667a\u5229\u5173\u7cfb": 0.1,
  "\u53cb\u597d\u5408\u4f5c": 0.9500000000000001,
  "\u4e2d\u667a\u5173\u7cfb\u4f18\u826f\u4f20\u7edf": 0.1,
  "\u81ea\u7531\u8d38\u6613\u533a\u5efa\u8bbe": 0.1,
  "\u4eba\u6587\u4ea4\u6d41": 1.6000000000000003,
  "\u6218\u7565\u534f\u4f5c": 1.2000000000000002,
  "\u73af\u592a\u5e73\u6d0b\u91cd\u8981\u56fd\u5bb6": 0.1,
  "\u62c9\u7f8e\u592a\u5e73\u6d0b\u8054\u76df": 0.1,
  "\u4e2d\u62c9\u5168\u9762\u5408\u4f5c\u4f19\u4f34\u5173\u7cfb;": 0.9,
  "\u4e9a\u592a\u7ecf\u5408\u7ec4\u7ec7": 1.3,
  "\u7ecf\u6d4e\u5168\u7403\u5316": 0.7999999999999999,
  "\u5f00\u653e\u578b\u7ecf\u6d4e": 0.6,
  "\u4e92\u8054\u4e92\u901a": 0.7,
  "\u6539\u9769\u521b\u65b0": 0.5,
  "\u4fdd\u62a4\u4e3b\u4e49": 0.4,
  "\u8d38\u6613\u81ea\u7531\u5316": 0.4,
  "\u4e9a\u592a\u81ea\u7531\u8d38\u6613\u533a": 0.4,
  "\u5408\u4f5c\u613f\u666f": 0.3,
  "\u57ce\u9547\u5316": 0.3,
  "\u4e2d\u79d8\u5173\u7cfb": 0.7,
  "\u53cc\u8fb9\u8d38\u6613": 0.9,
  "\u5408\u4f5c": 4.0,
  "\u6587\u5316\u4ea4\u6d41": 0.7999999999999999,
  "\u56fd\u9645\u4e8b\u52a1": 0.9,
  "\u53d1\u5c55": 1.0999999999999999,
  "\u4e2d\u5384\u53cb\u597d\u5408\u4f5c": 0.7,
  "\u5384\u74dc\u591a\u5c14": 0.6,
  "\u6297\u9707\u6551\u707e": 0.5,
  "\u9ad8\u6280\u672f\u5408\u4f5c": 0.3,
  "\u4e16\u4ee3\u53cb\u597d": 0.2,
  "\u5357\u5357\u5408\u4f5c": 0.2,
  "\u53d1\u5c55\u4e2d\u56fd\u5bb6": 0.30000000000000004,
  "\u4e2d\u62c9\u8bba\u575b": 0.2,
  "\u91d1\u7816\u56fd\u5bb6": 0.8,
  "\u5f00\u653e": 0.5,
  "\u5168\u7403\u6027\u6311\u6218": 0.4,
  "\u516c\u5e73\u6b63\u4e49": 0.3,
  "\u9886\u5bfc\u4eba\u4f1a\u6664": 0.2,
  "\u4e2d\u56fd-\u67ec\u57d4\u5be8\u5173\u7cfb": 0.1,
  "\u7ecf\u6d4e\u5408\u4f5c": 2.0,
  "\u653f\u6cbb\u4e92\u4fe1": 1.3500000000000003,
  "\u4e00\u5e26\u4e00\u8def": 1.7000000000000002,
  "\u4e9a\u6d32\u547d\u8fd0\u5171\u540c\u4f53;": 0.1,
  "\u4e2d\u56fd\u6807\u51c6\u5316\u6218\u7565": 0.1,
  "\u56fd\u9645\u6807\u51c6\u5316\u7ec4\u7ec7": 0.1,
  "\u6807\u51c6\u5316": 0.1,
  "\u521b\u65b0\u53d1\u5c55": 0.1,
  "\u4ea4\u6d41\u4e92\u9274": 0.1,
  "\u4ea7\u4e1a\u53d1\u5c55;": 0.1,
  "\u5a92\u4f53\u5408\u4f5c": 0.1,
  "\u4e1d\u7ef8\u4e4b\u8def": 0.2,
  "\u6c9f\u901a\u6c11\u5fc3": 0.1,
  "\u65b0\u578b\u5408\u4f5c\u6a21\u5f0f": 0.1,
  "\u5706\u6ee1\u6210\u529f": 0.1,
  "\u547d\u8fd0\u5171\u540c\u4f53;": 0.1,
  "\u4e2d\u4fc4\u5173\u7cfb": 0.9,
  "\u7766\u90bb\u53cb\u597d\u5408\u4f5c\u6761\u7ea6": 1.0,
  "\u8fb9\u5883\u5408\u4f5c": 0.4,
  "\u5171\u540c\u53d1\u5c55": 0.7,
  "\u548c\u5e73\u7a33\u5b9a": 0.8999999999999999,
  "\u4e4c\u5179\u522b\u514b\u65af\u5766": 0.1,
  "\u4e0a\u6d77\u5408\u4f5c\u7ec4\u7ec7": 0.1,
  "\u5b89\u5168\u5408\u4f5c": 0.1,
  "\u4e2d\u6ce2\u5173\u7cfb": 0.7,
  "\u4e2d\u6b27\u5173\u7cfb": 0.30000000000000004,
  "\u4f20\u7edf\u53cb\u8c0a": 0.6,
  "\u585e\u5c14\u7ef4\u4e9a": 0.8,
  "\u4e92\u5229\u5171\u8d62": 0.4,
  "\u4e2d\u7f8e\u5173\u7cfb": 0.7,
  "\u4e92\u4fe1\u4e92\u5229": 0.5,
  "\u5206\u6b67\u7ba1\u63a7": 0.3,
  "\u4e9a\u4fe1": 0.2,
  "\u5b89\u5168": 0.1,
  "\u5bf9\u8bdd": 0.1,
  "\u4e9a\u6d32": 0.1,
  "\u5730\u533a\u5b89\u5168;": 0.1,
  "\u4e2d\u6377\u5173\u7cfb": 0.7,
  "\u4e2d\u4e1c\u6b27\u56fd\u5bb6\u5408\u4f5c": 0.5,
  "\u6b27\u76df": 0.2,
  "\u533a\u57df\u5408\u4f5c": 0.1,
  "\u4f0a\u6717": 0.1,
  "\u4e2d\u4f0a\u5173\u7cfb": 0.1,
  "\u4e1d\u8def\u57fa\u91d1": 0.1,
  "\u53cc\u8fb9\u5408\u4f5c;": 0.1,
  "\u57c3\u53ca": 0.1,
  "\u6587\u660e": 0.1,
  "\u4e2d\u56fd\u6c99\u7279\u5173\u7cfb": 0.30000000000000004,
  "\u53d1\u5c55\u7406\u5ff5": 0.15000000000000002,
  "\u5730\u533a\u7a33\u5b9a;": 0.15000000000000002,
  "\u53cb\u597d\u5173\u7cfb": 0.6,
  "\u6218\u7565\u4f19\u4f34\u5173\u7cfb": 0.0,
  "\u4e92\u5229\u5408\u4f5c": 0.0,
  "\u53cb\u8c0a": 0.4,
  "\u7a33\u5b9a\u548c\u5e73": 0.0,
  "\u548c\u5e73": 0.0
}