{
  "\u4e2d\u8001\u5173\u7cfb": 0.9,
  "\u5168\u9762\u6218\u7565\u5408\u4f5c\u4f19\u4f34\u5173\u7cfb": 0.8,
  "\u7ecf\u6d4e\u5408\u4f5c": 3.5,
  "\u6f9c\u6e44\u5408\u4f5c": 0.6,
  "\u4eba\u6587\u4ea4\u6d41": 2.7,
  "\u8001\u631d\u53d1\u5c55": 0.4,
  "\u4e2d\u56fd\u6295\u8d44": 0.3,
  "\u4e00\u5e26\u4e00\u8def": 4.8999999999999995,
  "\u793e\u4f1a\u4e3b\u4e49": 0.2,
  "\u547d\u8fd0\u5171\u540c\u4f53": 1.9000000000000001,
  "\u4e60\u8fd1\u5e73\u5916\u4ea4": 3.3000000000000007,
  "\u4e9a\u592a\u7ecf\u5408\u7ec4\u7ec7": 0.2,
  "\u53d1\u5c55": 1.6,
  "\u5f00\u653e\u578b\u7ecf\u6d4e": 1.6,
  "\u521b\u65b0\u589e\u957f": 0.1,
  "\u4e92\u8054\u4e92\u901a": 0.5,
  "\u7ecf\u6d4e\u53d1\u5c55\u5305\u5bb9\u6027": 0.1,
  "\u65b0\u578b\u56fd\u9645\u5173\u7cfb": 0.1,
  "\u4e9a\u592a\u5408\u4f5c;": 0.1,
  "\u4e2d\u56fd\u8d8a\u5357\u5173\u7cfb": 0.1,
  "\u53cb\u597d\u5408\u4f5c": 0.1,
  "\u6539\u9769\u53d1\u5c55": 0.1,
  "\u591a\u8fb9\u5408\u4f5c": 0.1,
  "\u5357\u6d77\u95ee\u9898": 0.1,
  "\u533a\u57df\u5408\u4f5c;": 0.1,
  "\u65b0\u5174\u5e02\u573a\u56fd\u5bb6": 1.3,
  "\u53d1\u5c55\u4e2d\u56fd\u5bb6": 0.8,
  "\u53ef\u6301\u7eed\u53d1\u5c55": 1.3,
  "\u591a\u8fb9\u8d38\u6613\u4f53\u5236": 0.6,
  "\u5357\u5357\u5408\u4f5c": 0.7,
  "\u7ecf\u6d4e\u7ed3\u6784\u8c03\u6574": 0.5,
  "\u56fd\u9645\u53d1\u5c55\u5408\u4f5c": 0.5,
  "\u91d1\u7816\u56fd\u5bb6": 1.6,
  "\u5408\u4f5c": 2.6999999999999997,
  "\u4f1a\u6664": 0.5,
  "\u5168\u7403\u6cbb\u7406": 1.0,
  "\u653f\u6cbb\u5b89\u5168\u5408\u4f5c": 0.2,
  "\u91d1\u7816\u5408\u4f5c": 1.7000000000000002,
  "\u53d1\u5c55\u6218\u7565": 1.2,
  "\u56fd\u9645\u79e9\u5e8f": 1.0,
  "\u591a\u8fb9\u4e3b\u4e49": 0.8999999999999999,
  "\u5f00\u653e\u5305\u5bb9": 0.8999999999999999,
  "\u8d38\u6613\u6295\u8d44": 0.5,
  "\u4e8c\u5341\u56fd\u96c6\u56e2": 0.7999999999999999,
  "\u521b\u65b0": 0.5,
  "\u5305\u5bb9\u6027\u589e\u957f": 0.4,
  "\u4eba\u5de5\u667a\u80fd": 0.3,
  "\u6559\u80b2\u57f9\u8bad": 0.3,
  "\u536b\u751f\u5408\u4f5c": 0.5,
  "\u4f20\u7edf\u533b\u836f": 0.30000000000000004,
  "\u516c\u5171\u536b\u751f\u6311\u6218": 0.2,
  "\u4eba\u6c11\u5065\u5eb7": 0.2,
  "\u7ecf\u9a8c\u4ea4\u6d41": 0.2,
  "\u4f1a\u8bae\u673a\u5236": 0.2,
  "\u4e2d\u56fd\u5fb7\u56fd\u5173\u7cfb": 0.1,
  "\u4e2d\u5fb7\u5408\u4f5c": 0.1,
  "\u7ecf\u6d4e\u5168\u7403\u5316": 0.4,
  "\u4e16\u754c\u7ecf\u6d4e\u589e\u957f": 0.1,
  "\u53cc\u8fb9\u8d38\u6613;": 0.1,
  "\u4e0a\u6d77\u5408\u4f5c\u7ec4\u7ec7": 2.1,
  "\u5b89\u5168\u7a33\u5b9a": 1.2,
  "\u53cd\u6050\u6016\u4e3b\u4e49": 0.6,
  "\u5730\u533a\u5b89\u5168": 0.5,
  "\u4e2d\u54c8\u5173\u7cfb": 2.3,
  "\u4ea7\u80fd\u5408\u4f5c": 0.5,
  "\u5b89\u5168\u5408\u4f5c": 0.4,
  "\u6587\u5316\u4ea4\u6d41": 0.30000000000000004,
  "\u963f\u65af\u5854\u7eb3\u4e13\u9879\u4e16\u535a\u4f1a": 0.2,
  "\u7eff\u8272\u53d1\u5c55": 0.1,
  "\u6c11\u5fc3\u76f8\u901a": 0.4,
  "\u7ecf\u6d4e": 0.2,
  "\u56fd\u9645\u5408\u4f5c": 1.5999999999999999,
  "\u5408\u4f5c\u5e73\u53f0": 0.4,
  "\u653f\u7b56\u534f\u8c03": 0.4,
  "\u57fa\u7840\u8bbe\u65bd\u5efa\u8bbe": 0.4,
  "\u5171\u8d62": 0.4,
  "\u7ecf\u6d4e\u653f\u7b56\u534f\u8c03": 0.5,
  "\u6295\u8d44\u548c\u878d\u8d44\u5408\u4f5c": 0.4,
  "\u5171\u5546\u5171\u5efa\u5171\u4eab": 0.3,
  "\u5317\u4eac": 0.2,
  "\u6587\u660e\u4ea4\u6d41": 0.2,
  "\u548c\u5e73\u5b89\u5b81": 0.2,
  "\u5171\u540c\u53d1\u5c55": 0.2,
  "\u7f8e\u597d\u751f\u6d3b": 0.2,
  "\u9ad8\u5cf0\u8bba\u575b": 0.30000000000000004,
  "\u5706\u6ee1\u6210\u529f": 0.30000000000000004,
  "\u53cc\u8fb9\u53cb\u597d": 0.5,
  "\u5317\u6b27\u5408\u4f5c": 0.4,
  "\u6b27\u6d32\u4e00\u4f53\u5316": 0.8,
  "\u4e16\u754c\u548c\u5e73": 0.1,
  "\u4e2d\u56fd\u745e\u58eb\u5173\u7cfb": 0.2,
  "\u4e16\u754c\u7ecf\u6d4e\u8bba\u575b": 0.2,
  "\u521b\u65b0\u5408\u4f5c": 0.2,
  "\u56fd\u9645\u7ec4\u7ec7": 0.2,
  "\u65e5\u5185\u74e6": 0.2,
  "\u5965\u6797\u5339\u514b\u8fd0\u52a8": 0.2,
  "\u5408\u4f5c\u5171\u8bc6": 0.0,
  "\u56e2\u7ed3\u534f\u4f5c": 0.0
}