{
  "\u4e60\u8fd1\u5e73\u5916\u4ea4": 7.099999999999999,
  "\u4e2d\u8461\u5173\u7cfb": 0.8,
  "\u53cb\u8c0a\u5408\u4f5c": 1.3,
  "\u4e00\u5e26\u4e00\u8def": 2.6,
  "\u4eba\u6587\u4ea4\u6d41": 1.4,
  "\u6d77\u6d0b\u5408\u4f5c": 0.4,
  "\u591a\u8fb9\u4e3b\u4e49": 1.4,
  "\u5168\u7403\u6cbb\u7406": 1.2000000000000002,
  "\u56fd\u9645\u5408\u4f5c": 1.2,
  "\u53d1\u5c55\u8fdb\u6b65": 0.1,
  "\u4e2d\u5df4\u5173\u7cfb": 0.7,
  "\u5408\u4f5c": 5.8,
  "\u53d1\u5c55": 2.2,
  "\u53cb\u597d": 0.9,
  "\u4eba\u6c11\u4ea4\u6d41": 0.3,
  "\u7ecf\u6d4e\u5408\u4f5c": 1.0999999999999999,
  "\u6587\u5316\u4ea4\u6d41": 1.2999999999999998,
  "\u7269\u6d41\u4e2d\u5fc3": 0.2,
  "\u4e2d\u963f\u5173\u7cfb": 1.4,
  "\u4e8c\u5341\u56fd\u96c6\u56e2": 0.5,
  "\u7ecf\u6d4e\u5168\u7403\u5316": 0.8,
  "\u53d1\u5c55\u4e2d\u56fd\u5bb6": 1.0,
  "\u591a\u8fb9\u8d38\u6613\u4f53\u5236": 0.8,
  "\u57fa\u7840\u8bbe\u65bd\u5efa\u8bbe": 0.2,
  "\u53cc\u8fb9\u5173\u7cfb": 0.1,
  "\u4e2d\u897f\u5173\u7cfb": 0.8,
  "\u6b27\u6d32\u4e00\u4f53\u5316": 0.2,
  "\u4e1d\u7ef8\u4e4b\u8def": 0.1,
  "\u6539\u9769\u5f00\u653e": 0.3,
  "\u548c\u5e73\u53d1\u5c55": 0.2,
  "\u4e9a\u592a\u5730\u533a": 0.1,
  "\u4eba\u6c11\u53cb\u597d\u4ea4\u5f80": 0.1,
  "\u4e9a\u592a\u7ecf\u5408\u7ec4\u7ec7": 0.6,
  "\u533a\u57df\u7ecf\u6d4e\u4e00\u4f53\u5316": 0.1,
  "\u6570\u5b57\u7ecf\u6d4e": 0.1,
  "\u4e92\u8054\u4e92\u901a": 0.1,
  "\u5f00\u653e\u578b\u4e16\u754c\u7ecf\u6d4e": 0.1,
  "\u4fdd\u62a4\u4e3b\u4e49": 0.4,
  "\u4e2d\u56fd\u56fd\u9645\u8fdb\u53e3\u535a\u89c8\u4f1a;": 0.1,
  "\u4e2d\u56fd\u540c\u6587\u83b1\u5173\u7cfb": 0.2,
  "\u653f\u6cbb\u4e92\u4fe1": 0.2,
  "\u56fd\u9645\u4e8b\u52a1": 0.2,
  "\u4e2d\u56fd\u540c\u592a\u5e73\u6d0b\u5c9b\u56fd\u5173\u7cfb": 0.8,
  "\u5df4\u5e03\u4e9a\u65b0\u51e0\u5185\u4e9a": 0.6,
  "\u8d38\u6613": 0.7,
  "\u6295\u8d44": 0.3,
  "\u4fc4\u7f57\u65af\u8fdc\u4e1c": 0.1,
  "\u4e92\u4fe1": 0.5,
  "\u7ecf\u6d4e": 0.1,
  "\u73af\u5883": 0.1,
  "\u53ef\u6301\u7eed\u53d1\u5c55;": 0.1,
  "\u4e2d\u975e\u5408\u4f5c\u8bba\u575b": 0.8,
  "\u547d\u8fd0\u5171\u540c\u4f53": 0.8,
  "\u5357\u5357\u5408\u4f5c": 0.3,
  "\u5168\u9762\u6218\u7565\u5408\u4f5c\u4f19\u4f34\u5173\u7cfb": 0.3,
  "\u975e\u6d32": 0.3,
  "\u53d1\u5c55\u632f\u5174": 0.2,
  "\u5317\u4eac\u5cf0\u4f1a": 0.2,
  "\u91d1\u7816\u56fd\u5bb6": 0.8,
  "\u56fd\u9645\u548c\u5e73\u5b89\u5168": 0.4,
  "\u65b0\u5de5\u4e1a\u9769\u547d": 0.4,
  "\u4e0a\u6d77\u5408\u4f5c\u7ec4\u7ec7": 2.7,
  "\u201c\u4e0a\u6d77\u7cbe\u795e\u201d": 1.5,
  "\u5b89\u5168": 1.0,
  "\u6587\u660e\u4ea4\u6d41": 0.3,
  "\u9752\u5c9b\u5cf0\u4f1a": 0.9,
  "\u8f6e\u503c\u4e3b\u5e2d\u56fd": 0.3,
  "\u5171\u8bc6": 0.3,
  "\u5112\u5bb6\u601d\u60f3": 0.6,
  "\u5730\u533a\u5b89\u5168": 0.5,
  "\u5171\u540c\u53d1\u5c55": 0.5,
  "\u673a\u5236\u5efa\u8bbe": 0.4,
  "\u56fd\u9645\u7ec4\u7ec7": 0.3,
  "\u4e2d\u62c9\u8bba\u575b": 0.7,
  "\u592a\u5e73\u6d0b\u6d77\u4e0a\u4e1d\u7ef8\u4e4b\u8def": 0.2,
  "\u5730\u7f18\u8ddd\u79bb": 0.1,
  "\u53cb\u597d\u5408\u4f5c": 0.0,
  "\u4f19\u4f34\u5173\u7cfb": 0.2
}