{
  "\u4e60\u8fd1\u5e73\u5916\u4ea4": 4.4,
  "\u91d1\u7816\u56fd\u5bb6": 1.6,
  "\u591a\u8fb9\u4e3b\u4e49": 2.8,
  "\u5168\u7403\u6cbb\u7406": 2.2,
  "\u5f00\u653e\u521b\u65b0": 0.5,
  "\u4eba\u6587\u4ea4\u6d41": 1.4,
  "\u548c\u5e73\u53d1\u5c55": 1.3,
  "\u4e2d\u975e\u5408\u4f5c": 0.2,
  "\u4e9a\u592a\u4f19\u4f34\u5173\u7cfb": 0.1,
  "\u5408\u4f5c": 3.5,
  "\u53d1\u5c55": 1.1,
  "\u5f00\u653e": 0.8,
  "\u4e2d\u534e\u6c11\u65cf\u4f1f\u5927\u590d\u5174": 0.1,
  "\u5c3c\u6cca\u5c14": 0.1,
  "\u53cb\u8c0a": 0.7999999999999999,
  "\u4e92\u5229\u5171\u8d62": 0.1,
  "\u5b89\u5168\u5408\u4f5c": 0.1,
  "\u4e00\u5e26\u4e00\u8def": 2.5999999999999996,
  "\u7ecf\u6d4e\u5408\u4f5c": 0.1,
  "\u9ad8\u5c42\u4ea4\u5f80;": 0.1,
  "\u4e92\u8054\u4e92\u901a": 1.3,
  "\u53ef\u6301\u7eed\u53d1\u5c55": 0.8,
  "\u57fa\u7840\u8bbe\u65bd": 0.7,
  "\u5168\u65b9\u4f4d": 0.8,
  "\u5171\u540c\u53d1\u5c55": 0.6,
  "\u9ad8\u5cf0\u8bba\u575b": 0.7,
  "\u653f\u7b56\u5bf9\u63a5": 0.3,
  "\u6539\u9769\u5f00\u653e": 0.2,
  "\u4e2d\u6cd5\u5168\u7403\u6cbb\u7406\u8bba\u575b": 1.4,
  "\u7ecf\u6d4e\u5168\u7403\u5316": 0.8,
  "\u4fe1\u4efb": 0.6,
  "\u6c14\u5019\u53d8\u5316": 0.3,
  "\u4e16\u754c\u8d38\u6613\u7ec4\u7ec7": 0.3,
  "\u4e2d\u610f\u5173\u7cfb": 0.8,
  "\u6587\u5316\u4ea4\u6d41": 0.5,
  "\u5168\u9762\u6218\u7565\u4f19\u4f34\u5173\u7cfb": 0.4,
  "\u56fd\u9645\u4e8b\u52a1": 0.2,
  "\u591a\u8fb9\u7ec4\u7ec7": 0.1
}