{
  "\u4e60\u8fd1\u5e73\u5916\u4ea4": 6.3,
  "\u4e2d\u56fd\u4e1c\u76df\u535a\u89c8\u4f1a": 0.1,
  "\u6570\u5b57\u7ecf\u6d4e\u5408\u4f5c": 0.1,
  "\u4e00\u5e26\u4e00\u8def": 0.1,
  "\u7ecf\u8d38\u5408\u4f5c": 0.1,
  "\u6297\u75ab\u5408\u4f5c": 2.3,
  "\u516c\u5171\u536b\u751f": 0.9,
  "\u5f00\u653e\u5305\u5bb9": 0.1,
  "\u4eba\u7c7b\u547d\u8fd0\u5171\u540c\u4f53": 2.8,
  "\u4e92\u8054\u4e92\u901a;": 0.1,
  "\u91d1\u7816\u56fd\u5bb6": 0.1,
  "\u591a\u8fb9\u4e3b\u4e49": 3.5000000000000004,
  "\u7ecf\u6d4e\u590d\u82cf": 0.1,
  "\u53ef\u6301\u7eed\u53d1\u5c55": 0.7,
  "\u75ab\u82d7\u5408\u4f5c": 0.1,
  "\u5f00\u653e\u521b\u65b0": 0.1,
  "\u5168\u7403\u5408\u4f5c": 1.9000000000000001,
  "\u7eff\u8272\u4f4e\u78b3;": 0.1,
  "\u5171\u6297\u75ab\u60c5": 1.2999999999999998,
  "\u5171\u4fc3\u590d\u82cf": 1.1,
  "\u5171\u8c0b\u548c\u5e73": 1.1,
  "\u5f00\u653e\u5408\u4f5c": 0.6,
  "\u7eff\u8272\u7ecf\u6d4e": 0.5,
  "\u5168\u7403\u6cbb\u7406": 2.3,
  "\u5df4\u9ece\u548c\u5e73\u8bba\u575b": 0.1,
  "\u4e0a\u6d77\u5408\u4f5c\u7ec4\u7ec7": 1.7000000000000002,
  "\u56e2\u7ed3\u534f\u4f5c": 1.7999999999999998,
  "\u5b89\u5168\u7a33\u5b9a": 1.2,
  "\u53d1\u5c55\u5171\u540c\u4f53": 1.1,
  "\u6587\u660e\u4e92\u5b66": 0.4,
  "\u4eba\u6587\u5171\u540c\u4f53": 0.5,
  "\u4e2d\u56fd\u53d1\u5c55": 0.8,
  "\u75ab\u60c5": 1.3,
  "\u5168\u7403\u5316": 0.7,
  "\u8054\u5408\u56fd": 0.8,
  "\u56fd\u9645\u79e9\u5e8f": 0.6,
  "\u53d1\u5c55\u4e2d\u56fd\u5bb6": 0.5,
  "\u516c\u9053": 0.4,
  "\u6cd5\u6cbb": 0.4,
  "\u95ee\u9898\u89e3\u51b3": 0.3,
  "\u4e2d\u56fd\u56fd\u9645\u670d\u52a1\u8d38\u6613\u4ea4\u6613\u4f1a": 0.1,
  "\u5168\u7403\u670d\u52a1\u8d38\u6613\u5cf0\u4f1a": 0.1,
  "\u6570\u5b57\u5316": 0.1,
  "\u4e92\u5229\u5171\u8d62": 0.1,
  "\u5317\u4eac\u793a\u8303\u533a": 0.1,
  "\u670d\u52a1\u8d38\u6613\u8054\u76df;": 0.1,
  "\u4e2d\u975e\u5408\u4f5c": 0.8,
  "\u53cb\u597d\u5408\u4f5c": 0.8,
  "\u652f\u6301\u975e\u6d32": 0.3,
  "\u4eba\u6c11\u81f3\u4e0a": 0.1,
  "\u65b0\u51a0\u80ba\u708e\u75ab\u60c5": 1.0,
  "\u4e8c\u5341\u56fd\u96c6\u56e2": 0.8,
  "\u5168\u7403\u9632\u63a7": 0.7,
  "\u56fd\u9645\u7ec4\u7ec7": 0.7,
  "\u5b8f\u89c2\u7ecf\u6d4e\u653f\u7b56\u534f\u8c03": 0.7,
  "\u8d38\u6613": 0.6,
  "\u4e2d\u7f05\u5173\u7cfb": 0.7,
  "\u6587\u5316\u4ea4\u6d41": 0.6,
  "\u548c\u5e73\u5171\u5904\u4e94\u9879\u539f\u5219": 0.4,
  "\u4eba\u6c11\u4ea4\u5f80": 0.2,
  "\u793e\u4f1a\u57fa\u7840": 0.1,
  "\u65b0\u65f6\u4ee3": 0.1,
  "\u7ef4\u62a4\u548c\u5e73": 0.3,
  "\u56fd\u9645\u5408\u4f5c": 0.2,
  "\u548c\u5e73\u5b89\u5168": 0.0
}