{
  "\u4e60\u8fd1\u5e73": 17.900000000000002,
  "\u5fb7\u56fd\u603b\u7406": 0.7,
  "\u4e2d\u5fb7\u5173\u7cfb": 3.0,
  "\u5408\u4f5c": 23.9,
  "\u5168\u7403\u6cbb\u7406": 3.3000000000000003,
  "\u591a\u8fb9\u4e3b\u4e49": 10.299999999999999,
  "\u75ab\u60c5": 6.8,
  "\u6295\u8d44": 0.3,
  "\u53ef\u6301\u7eed\u53d1\u5c55": 2.6999999999999997,
  "\u56fd\u9645\u4e8b\u52a1": 5.000000000000001,
  "\u4e60\u8fd1\u5e73\u5916\u4ea4": 55.599999999999945,
  "\u83f2\u5f8b\u5bbe": 1.4,
  "\u53f0\u98ce\u88ad\u51fb": 1.2,
  "\u6170\u95ee\u7535": 1.3,
  "\u4eba\u5458\u4f24\u4ea1": 1.5000000000000002,
  "\u8d22\u4ea7\u635f\u5931": 1.1,
  "\u4e2d\u56fd\u653f\u5e9c": 1.3,
  "\u5e2e\u52a9": 0.5,
  "\u9047\u96be\u8005": 0.5,
  "\u91cd\u5efa\u5bb6\u56ed": 0.5,
  "\u4e2d\u56fd\u4e1c\u76df": 1.3,
  "\u5bf9\u8bdd\u5173\u7cfb": 1.7999999999999998,
  "\u547d\u8fd0\u4e0e\u5171": 0.1,
  "\u5efa\u7acb": 0.1,
  "\u5468\u5e74\u7eaa\u5ff5\u5cf0\u4f1a": 0.2,
  "\u8bb2\u8bdd": 1.0,
  "\u4eba\u6c11\u51fa\u7248\u793e": 0.4,
  "\u65b0\u534e\u4e66\u5e97": 0.30000000000000004,
  "\u4eba\u6c11\u65e5\u62a5;": 2.2,
  "\u666e\u4eac": 2.3,
  "\u4e2d\u4fc4\u5173\u7cfb": 1.9999999999999998,
  "\u6297\u75ab\u5408\u4f5c": 3.5000000000000004,
  "\u6c11\u4e3b": 0.3,
  "\u91d1\u7816\u5408\u4f5c": 0.3,
  "\u4e0a\u6d77\u5408\u4f5c\u7ec4\u7ec7": 2.6,
  "\u4f53\u80b2\u4ea4\u6d41": 1.0,
  "\u7f8e\u56fd": 1.0,
  "\u9f99\u5377\u98ce": 0.5,
  "\u6170\u95ee": 0.5,
  "\u62dc\u767b": 1.0,
  "\u4eba\u6c11": 0.6,
  "\u540c\u60c5": 0.3,
  "\u89c6\u9891\u4f1a\u6664": 2.6,
  "\u56fd\u5bb6\u4e3b\u5e2d": 3.35,
  "\u5916\u4ea4\u90e8\u53d1\u8a00\u4eba": 1.8,
  "\u65b0\u534e\u793e": 0.85,
  "\u5916\u4ea4": 1.25,
  "\u4f1a\u6664": 0.5,
  "\u4fc4\u7f57\u65af": 0.8,
  "\u89c6\u9891": 1.2999999999999998,
  "\u53d1\u8a00\u4eba": 1.7000000000000002,
  "\u5317\u4eac;": 0.7499999999999999,
  "\u51b0\u5c9b": 0.9,
  "\u5efa\u4ea4\u5468\u5e74": 3.0,
  "\u53cc\u65b9": 0.8,
  "\u53d1\u5c55": 3.5999999999999996,
  "\u53cb\u8c0a": 3.0,
  "\u81ea\u8d38\u534f\u5b9a": 0.5,
  "\u5317\u4eac\u51ac\u5965\u4f1a": 1.0999999999999999,
  "\u5168\u65b9\u4f4d\u6218\u7565\u4f19\u4f34": 6.2,
  "\u7ecf\u6d4e\u590d\u82cf": 1.5,
  "\u653f\u6cbb\u4e92\u4fe1": 3.8,
  "\u53cb\u597d\u4e92\u5229\u5408\u4f5c": 4.4,
  "\u5168\u7403\u6297\u75ab": 0.4,
  "\u53cc\u8fb9\u5173\u7cfb": 0.4,
  "\u4e16\u7eaa\u75ab\u60c5": 0.3,
  "\u4eba\u7c7b\u547d\u8fd0\u5171\u540c\u4f53": 10.699999999999998,
  "\u516c\u5e73\u6b63\u4e49": 2.8,
  "\u8054\u5408\u56fd": 3.9,
  "\u5168\u7403\u53d1\u5c55": 2.6,
  "\u4e2d\u56fd\u652f\u6301": 0.1,
  "\u8001\u631d": 0.8999999999999999,
  "\u4e2d\u8001\u5173\u7cfb": 1.2999999999999998,
  "\u4e00\u5e26\u4e00\u8def": 6.9,
  "\u94c1\u8def": 2.9,
  "\u7ecf\u6d4e": 2.5,
  "\u9ad8\u8d28\u91cf\u5171\u5efa": 0.4,
  "\u7d27\u5bc6\u4f19\u4f34\u5173\u7cfb": 0.7,
  "\u73b0\u4ee3\u5316\u57fa\u7840\u8bbe\u65bd": 0.4,
  "\u5730\u533a\u4e92\u8054\u4e92\u901a": 0.3,
  "\u5171\u4ea7\u515a\u9886\u5bfc": 0.6,
  "\u75ab\u60c5\u9632\u63a7": 1.9,
  "\u7ecf\u6d4e\u5408\u4f5c": 1.8,
  "\u4eba\u6c11\u81f3\u4e0a": 1.2000000000000002,
  "\u901a\u8f66": 1.1,
  "\u4eba\u6c11\u9769\u547d\u515a": 0.2,
  "\u4e2d\u5171\u4e2d\u592e": 0.9,
  "\u4e2d\u56fd\u5171\u4ea7\u515a": 2.2,
  "\u5168\u7403\u6027\u6311\u6218": 1.3,
  "\u548c\u5e73\u53d1\u5c55": 3.8000000000000003,
  "\u5168\u4eba\u7c7b\u5171\u540c\u4ef7\u503c": 0.8,
  "\u5168\u9762\u53d1\u5c55": 0.3,
  "\u8bfb\u61c2\u4e2d\u56fd": 1.4,
  "\u767e\u5e74\u594b\u6597": 0.8999999999999999,
  "\u793e\u4f1a\u4e3b\u4e49\u73b0\u4ee3\u5316\u56fd\u5bb6": 2.2,
  "\u7edf\u4e00\u4fc4\u7f57\u65af\u515a": 1.6,
  "\u4fc3\u8fdb": 0.3,
  "\u67ec\u57d4\u5be8": 0.7,
  "\u8bfa\u7f57\u6566\u62c9\u90a3\u70c8\u4eb2\u738b": 1.0,
  "\u4e2d\u56fd\u4eba\u6c11": 2.5,
  "\u4e2d\u67ec\u5173\u7cfb": 0.8,
  "\u670b\u53cb": 0.4,
  "\u4f20\u7edf": 0.3,
  "\u534e\u6625\u83b9": 2.2,
  "\u8001\u631d\u4eba\u6c11\u9769\u547d\u515a": 0.5,
  "\u6218\u7565\u534f\u4f5c": 2.2,
  "\u901a\u4f26": 1.6,
  "\u89c1\u8bc1": 0.2,
  "\u4e2d\u585e\u5173\u7cfb": 3.0999999999999996,
  "\u5171\u5efa\u4e00\u5e26\u4e00\u8def": 2.6,
  "\u7ef4\u62a4\u4e2d\u6b27\u5173\u7cfb": 2.5,
  "\u516c\u6b63\u5408\u7406\u7684\u56fd\u9645\u79e9\u5e8f": 1.0,
  "\u65b0\u51a0\u80ba\u708e\u75ab\u60c5": 5.0,
  "\u4eba\u6587\u4ea4\u6d41": 1.5,
  "\u575a\u6301\u5e73\u7b49\u76f8\u5f85": 1.1,
  "\u5df4\u52d2\u65af\u5766\u95ee\u9898": 2.0,
  "\u4e2d\u4e1c\u95ee\u9898": 1.0,
  "\u4e24\u56fd\u548c\u5e73\u5171\u5904": 0.3,
  "\u4eba\u9053\u4e3b\u4e49\u63f4\u52a9": 0.8,
  "\u4e2d\u5df4\u53cb\u8c0a": 0.2,
  "\u5b89\u7406\u4f1a\u5e38\u4efb\u7406\u4e8b\u56fd": 0.30000000000000004,
  "\u6301\u4e45\u548c\u5e73\u7a33\u5b9a": 0.4,
  "\u4e24\u56fd\u65b9\u6848": 0.3,
  "\u7a33\u5b9a\u53d1\u5c55": 1.6,
  "\u53d1\u5c55\u4e2d\u56fd\u5bb6": 1.8,
  "\u5171\u540c\u5229\u76ca": 0.4,
  "\u6b63\u4e49\u4e3b\u5f20": 0.9,
  "\u4e2d\u975e\u5408\u4f5c\u8bba\u575b": 4.5,
  "\u5e72\u6d89\u5185\u653f": 0.5,
  "\u5355\u8fb9\u5236\u88c1": 0.2,
  "\u5171\u540c\u884c\u52a8": 0.2,
  "\u4e2d\u56fd\u6062\u590d\u8054\u5408\u56fd\u5e2d\u4f4d": 0.5,
  "\u975e\u6d32\u670b\u53cb": 0.4,
  "\u771f\u5b9e\u4eb2\u8bda\u7406\u5ff5": 0.3,
  "\u4e49\u5229\u89c2": 0.3,
  "\u5f00\u5e55\u5f0f": 0.1,
  "\u4e3b\u65e8\u6f14\u8bb2": 1.5000000000000002,
  "\u65b0\u51a0\u75ab\u82d7": 2.2,
  "\u65e0\u507f\u63f4\u52a9": 0.7,
  "\u533b\u7597\u536b\u751f\u9879\u76ee": 0.6,
  "\u533b\u7597\u961f\u5458": 0.5,
  "\u516c\u5171\u536b\u751f\u4e13\u5bb6": 0.5,
  "\u975e\u6d32\u56fd\u5bb6": 0.7,
  "\u63f4\u52a9\u5b9e\u65bd": 0.6,
  "\u4e92\u5229\u5171\u8d62": 0.7,
  "\u5f00\u653e\u5305\u5bb9": 0.4,
  "\u4e2d\u975e\u53cb\u597d\u5173\u7cfb": 0.6,
  "\u4f11\u621a\u4e0e\u5171": 0.5,
  "\u529b\u91cf\u6e90\u6cc9": 0.4,
  "\u75ab\u82d7\u63f4\u52a9": 1.2,
  "\u8d38\u6613\u4fc3\u8fdb": 2.6,
  "\u6570\u5b57\u7ecf\u6d4e": 0.4,
  "\u7eff\u8272\u53d1\u5c55": 1.0,
  "\u65b0\u65f6\u4ee3\u4e2d\u975e\u547d\u8fd0\u5171\u540c\u4f53": 0.1,
  "\u4e5d\u9879\u5de5\u7a0b": 0.1,
  "\u56e2\u7ed3\u6297\u75ab": 0.1,
  "\u6df1\u5316\u52a1\u5b9e\u5408\u4f5c": 0.1,
  "\u4e2d\u4fc4\u80fd\u6e90\u5546\u52a1\u8bba\u575b": 0.3,
  "\u80fd\u6e90\u5408\u4f5c": 0.8,
  "\u80fd\u6e90\u5b89\u5168": 0.4,
  "\u5168\u7403\u6c14\u5019\u53d8\u5316": 4.1,
  "\u8de8\u5883\u6cb9\u6c14\u7ba1\u9053": 0.4,
  "\u7eff\u8272\u80fd\u6e90": 0.3,
  "\u4e2d\u4fc4\u79d1\u6280\u521b\u65b0\u5e74": 1.0,
  "\u79d1\u6280\u5408\u4f5c": 0.7,
  "\u4fc4\u7f57\u65af\u7164\u77ff\u4e8b\u6545": 0.30000000000000004,
  "\u6c89\u75db\u54c0\u60bc": 0.9,
  "\u9047\u96be\u8005\u5bb6\u5c5e": 0.2,
  "\u4f24\u8005\u6170\u95ee": 0.2,
  "\u90e8\u957f\u7ea7\u4f1a\u8bae": 0.9,
  "\u5730\u533a\u7a33\u5b9a": 0.4,
  "\u75ab\u60c5\u5408\u4f5c": 1.4,
  "\u6c11\u751f\u5de5\u7a0b": 0.5,
  "\u7a33\u4e2d\u6c42\u8fdb": 0.4,
  "\u5386\u53f2": 0.5,
  "\u56fd\u9645\u5408\u4f5c": 1.8,
  "\u6311\u6218": 0.2,
  "\u6218\u7565\u5b9a\u529b": 0.2,
  "\u4e2d\u592e\u519b\u59d4": 0.2,
  "\u51fa\u5e2d": 0.30000000000000004,
  "\u6743\u91cd\u503c\u5206\u522b\u4e3a: 0.3": 0.1,
  "0.3": 0.1,
  "0.2": 0.1,
  "\u9ad8\u8d28\u91cf\u53d1\u5c55": 1.1,
  "\u98ce\u9669\u9632\u63a7": 0.4,
  "\u65b0\u53d1\u5c55\u683c\u5c40": 0.4,
  "\u4e92\u8054\u4e92\u901a": 0.4,
  "\u79d1\u6280\u521b\u65b0": 1.2,
  "\u4e2d\u975e\u6c11\u95f4\u8bba\u575b": 0.6,
  "\u7e41\u8363\u53d1\u5c55": 0.3,
  "\u65b0\u5c40\u9762": 0.2,
  "\u5fc3\u7075\u76f8\u901a": 0.2,
  "\u5408\u6cd5\u5e2d\u4f4d": 0.8999999999999999,
  "\u7eaa\u5ff5\u4f1a\u8bae": 1.0,
  "\u5355\u884c\u672c": 0.1,
  "\u6590\u6d4e": 0.7,
  "\u4e2d\u6590\u5173\u7cfb": 0.9,
  "\u5168\u65b9\u4f4d\u53cb\u597d\u4ea4\u6d41": 0.4,
  "\u4e24\u56fd\u4eba\u6c11": 1.1,
  "\u4e2d\u7f8e\u5173\u7cfb": 2.2,
  "\u610f\u89c1\u4ea4\u6362": 0.4,
  "\u7f8e\u56fd\u603b\u7edf\u62dc\u767b": 0.3,
  "\u5171\u540c\u5173\u5fc3\u95ee\u9898": 0.3,
  "\u5546\u5b9a": 0.2,