{
  "\u4e60\u8fd1\u5e73\u5916\u4ea4": 55.47539682539679,
  "\u4e2d\u4fc4\u5173\u7cfb": 5.8,
  "\u5408\u4f5c": 12.899999999999999,
  "\u4eba\u6587\u4ea4\u6d41": 4.599999999999998,
  "\u4e00\u5e26\u4e00\u8def": 7.099999999999998,
  "\u7ecf\u8d38\u6295\u8d44": 1.2,
  "\u56fd\u9645\u79e9\u5e8f": 2.2,
  "\u80fd\u6e90\u4e92\u8054\u4e92\u901a": 0.2,
  "\u6c11\u5fc3\u76f8\u901a": 0.4,
  "\u4e60\u8fd1\u5e73": 10.4,
  "\u5384\u7acb\u7279\u91cc\u4e9a": 0.4,
  "\u5efa\u4ea4\u5468\u5e74": 4.1000000000000005,
  "\u6218\u7565\u4f19\u4f34\u5173\u7cfb": 14.2,
  "\u56fd\u9645\u5173\u5207": 1.9000000000000004,
  "\u8bbf\u95ee": 0.4,
  "\u53cb\u597d": 3.0,
  "\u652f\u6301": 1.4000000000000004,
  "\u5171\u8bc6": 1.5999999999999999,
  "\u4e2d\u5bc6\u5173\u7cfb": 0.7,
  "\u97e6\u65af\u5229\u897f\u7c73\u7eb3": 1.511111111111111,
  "\u5efa\u4ea4": 0.5,
  "\u603b\u7edf": 1.8214285714285714,
  "\u53d1\u5c55": 2.5999999999999996,
  "\u4eba\u6c11": 0.9000000000000001,
  "\u9ed1\u5c71\u603b\u7edf": 0.7,
  "\u53cc\u8fb9\u5173\u7cfb": 1.7000000000000002,
  "\u53cb\u8c0a": 2.1,
  "\u7ecf\u9a8c\u4ea4\u6d41": 0.4,
  "\u4e92\u5c0a\u4e92\u4fe1": 0.3,
  "\u4e2d\u56fd": 1.7111111111111108,
  "\u6cbb\u56fd\u7406\u653f": 0.2,
  "\u795d\u8d3a": 1.2,
  "\u963f\u62c9\u4f2f\u56fd\u5bb6\u8054\u76df": 0.7,
  "\u4e2d\u4e1c\u5730\u533a\u548c\u5e73\u7a33\u5b9a": 0.6,
  "\u4e2d\u963f\u5173\u7cfb": 2.4250000000000003,
  "\u4e2d\u963f\u5cf0\u4f1a": 0.5,
  "\u5357\u5357\u5408\u4f5c": 1.0,
  "\u4e2d\u963f\u547d\u8fd0\u5171\u540c\u4f53": 0.6,
  "\u4e2d\u963f\u6218\u7565\u4f19\u4f34\u5173\u7cfb": 0.8,
  "\u5730\u533a\u548c\u5e73\u53d1\u5c55": 1.2,
  "\u56fd\u9645\u516c\u5e73\u6b63\u4e49": 0.8,
  "\u4e2d\u56fd\u4e2d\u4e9a\u5cf0\u4f1a": 1.4714285714285713,
  "\u4e1d\u7ef8\u4e4b\u8def": 0.2,
  "\u547d\u8fd0\u5171\u540c\u4f53": 6.6,
  "\u7ecf\u6d4e\u5e26": 0.1,
  "\u5b89\u5168": 0.30000000000000004,
  "\u6587\u660e\u5bf9\u8bdd": 0.1,
  "\u73b0\u4ee3\u5316;": 0.4,
  "\u591a\u8fb9\u4e3b\u4e49": 3.5000000000000004,
  "\u5168\u7403\u6cbb\u7406": 1.2000000000000002,
  "\u4e16\u754c\u548c\u5e73": 1.7,
  "\u4e2d\u4e9a\u5143\u9996\u4f1a\u6664\u673a\u5236;": 0.1,
  "\u5409\u5c14\u5409\u65af\u65af\u5766\u603b\u7edf": 0.4714285714285714,
  "\u624e\u5e15\u7f57\u592b": 0.37142857142857144,
  "\u5854\u5409\u514b\u65af\u5766\u603b\u7edf": 0.37142857142857144,
  "\u62c9\u8d6b\u8499": 0.37142857142857144,
  "\u571f\u5e93\u66fc\u65af\u5766\u603b\u7edf": 0.37142857142857144,
  "\u522b\u5c14\u5fb7\u7a46\u54c8\u6885\u591a\u592b": 0.37142857142857144,
  "\u4e4c\u5179\u522b\u514b\u65af\u5766\u603b\u7edf;": 0.37142857142857144,
  "\u9655\u897f": 0.1,
  "\u5386\u53f2\u6027\u8de8\u8d8a": 0.1,
  "\u4eba\u6c11\u6587\u5316\u827a\u672f\u5e74": 0.1,
  "\u5f00\u5e55\u5f0f\u6f14\u51fa": 0.2,
  "\u7f8e\u7f8e\u4e0e\u5171;": 0.1,
  "\u4e2d\u5409\u5173\u7cfb": 1.8,
  "\u7ecf\u8d38\u5408\u4f5c": 4.1000000000000005,
  "\u6276\u8d2b\u51cf\u8d2b": 0.1,
  "\u4e92\u8054\u4e92\u901a": 0.8,
  "\u5b89\u5168\u5408\u4f5c;": 0.30000000000000004,
  "\u4e2d\u5854\u5173\u7cfb": 0.7,
  "\u6c11\u610f\u652f\u6301": 0.3,
  "\u53d1\u5c55\u4e2d\u56fd\u5bb6": 0.1,
  "\u7ecf\u8d38\u4e92\u8054\u4e92\u901a": 0.1,
  "\u571f\u5e93\u66fc\u65af\u5766": 0.1,
  "\u5408\u4f5c\u6587\u4ef6": 0.1,
  "\u5730\u533a\u5b89\u5168\u7a33\u5b9a": 0.30000000000000004,
  "\u53cd\u6050\u5408\u4f5c": 0.4,
  "\u4e4c\u5179\u522b\u514b\u65af\u5766": 0.1,
  "\u5730\u65b9\u5408\u4f5c": 0.1,
  "\u5168\u7403\u53d1\u5c55\u5021\u8bae": 1.2,
  "\u7b7e\u7f72\u8054\u5408\u58f0\u660e;": 0.1,
  "\u54c8\u8428\u514b\u65af\u5766": 0.2,
  "\u53cc\u8fb9\u5408\u4f5c": 2.1,
  "\u4e2d\u56fd-\u5384\u7acb\u7279\u91cc\u4e9a\u5173\u7cfb": 0.1,
  "\u53cb\u597d\u5408\u4f5c": 3.6000000000000005,
  "\u4eba\u6c11\u5927\u4f1a\u5802": 0.8111111111111111,
  "\u6b22\u8fce\u4eea\u5f0f": 0.5,
  "\u7ecf\u6d4e\u5408\u4f5c;": 0.7,
  "\u521a\u679c\uff08\u91d1\uff09": 0.7,
  "\u66b4\u96e8\u707e\u5bb3": 3.2,
  "\u6170\u95ee\u7535": 3.9,
  "\u4eba\u5458\u4f24\u4ea1": 4.199999999999999,
  "\u8d22\u4ea7\u635f\u5931": 3.1,
  "\u4e2d\u56fd\u653f\u5e9c": 1.6,
  "\u9047\u96be\u8005": 4.499999999999999,
  "\u91cd\u5efa\u5bb6\u56ed": 2.7,
  "\u300a\u4eba\u6c11\u65e5\u62a5\u300b": 0.6,
  "\u5916\u4ea4": 1.8,
  "\u5362\u65fa\u8fbe": 1.0,
  "\u707e\u5bb3": 0.5,
  "\u6170\u95ee": 2.3,
  "\u91cd\u5efa": 0.3,
  "\u9a7b\u5916\u5927\u4f7f": 2.3499999999999996,
  "\u4efb\u514d": 1.2,
  "\u79d1\u7279\u8fea\u74e6\u5171\u548c\u56fd": 0.4,
  "\u591a\u7c73\u5c3c\u52a0\u5171\u548c\u56fd": 0.4,
  "\u59d4\u5185\u745e\u62c9\u73bb\u5229\u74e6\u5c14\u5171\u548c\u56fd": 0.4,
  "\u7279\u547d\u5168\u6743\u5927\u4f7f": 0.7,
  "\u9655\u897f\u7701\u897f\u5b89\u5e02": 0.27142857142857146,
  "\u54c8\u8428\u514b\u65af\u5766\u603b\u7edf": 0.27142857142857146,
  "\u6258\u5361\u8036\u592b": 0.17142857142857143,
  "\u7c73\u5c14\u6d4e\u7ea6\u8036\u592b;": 0.17142857142857143,
  "\u82f1\u56fd\u56fd\u738b": 0.5,
  "\u6311\u6218": 0.3,
  "\u8054\u5408\u56fd\u5b89\u7406\u4f1a": 0.3,
  "\u5386\u53f2\u6f6e\u6d41": 0.1,
  "\u5b89\u54e5\u62c9": 2.5,
  "\u707e\u533a\u4eba\u6c11": 0.4,
  "\u4e2d\u8d8a\u5173\u7cfb": 2.2,
  "\u653f\u6cbb\u4e92\u4fe1": 3.4,
  "\u793e\u4f1a\u4e3b\u4e49\u4e8b\u4e1a": 1.5,
  "\u56fd\u9645\u5408\u4f5c": 1.9,
  "\u4e4c\u514b\u5170\u5371\u673a": 2.3000000000000003,
  "\u4eba\u9053\u4e3b\u4e49\u63f4\u52a9": 0.4,
  "\u8054\u5408\u56fd\u5baa\u7ae0": 0.3,
  "\u56fd\u9645\u5f71\u54cd\u529b": 0.6000000000000001,
  "\u653f\u6cbb\u57fa\u7840": 0.2,
  "\u5c0a\u91cd\u4e3b\u6743": 0.1,
  "\u957f\u6cbb\u4e45\u5b89": 0.1,
  "\u56fd\u4e66\u4eea\u5f0f": 0.6,
  "\u5168\u7403\u6297\u75ab": 0.7,
  "\u73b0\u4ee3\u5316\u56fd\u5bb6": 0.6,
  "\u5bf9\u5916\u5f00\u653e": 0.8999999999999999,
  "\u5b5f\u52a0\u62c9\u56fd": 1.125,
  "\u603b\u7edf\u795d\u8d3a": 0.5,
  "\u4e2d\u5b5f\u5173\u7cfb": 0.5,
  "\u6838\u5fc3\u5229\u76ca": 0.3,
  "\u9ad8\u8d28\u91cf\u5171\u5efa": 0.2,
  "\u53ef\u6301\u7eed\u53d1\u5c55": 1.6,
  "\u6570\u5b57\u57fa\u7840\u8bbe\u65bd": 0.6,
  "\u6570\u636e\u5408\u4f5c": 0.9,
  "\u8054\u5408\u56fd": 0.825,
  "\u4e16\u754c\u6570\u636e\u8bba\u575b": 0.8,
  "\u7edf\u8ba1\u80fd\u529b": 0.5,
  "\u5f00\u653e\u5171\u8d62": 0.7,
  "\u4e2d\u56fd\u5f0f\u73b0\u4ee3\u5316": 1.3000000000000003,
  "\u5f3a\u56fd\u5efa\u8bbe": 0.2,
  "\u53e4\u5df4": 1.4,
  "\u4e2d\u53e4\u5173\u7cfb": 1.8,
  "\u5706\u6ee1\u6210\u529f": 0.7,
  "\u653f\u6cbb\u5f15\u9886": 0.7,
  "\u4e2d\u5171\u4e2d\u592e": 1.2000000000000002,
  "\u65b0\u65f6\u4ee3": 0.4,
  "\u8fde\u4efb": 1.0,
  "\u56fd\u4e8b\u8bbf\u95ee": 6.253968253968252,
  "\u65b0\u8fdb\u5c55": 0.3,
  "\u4f1a\u8c08": 0.9539682539682539,
  "\u4e2d\u52a0\u5173\u7cfb": 1.0,
  "\u9ad8\u8d28\u91cf\u53d1\u5c55": 0.1,
  "\u4e2d\u975e\u5408\u4f5c": 0.7,
  "\u6c14\u5019\u53d8\u5316": 0.8,
  "\u57fa\u7840\u8bbe\u65bd\u5efa\u8bbe": 0.5,
  "\u7eff\u8272\u201c\u4e00\u5e26\u4e00\u8def\u201d": 0.3,
  "\u591a\u8fb9\u5e73\u53f0\u5408\u4f5c": 0.2,
  "\u52a0\u84ec\u603b\u7edf\u90a6\u6208": 1.211111111111111,
  "\u65c5\u6e38\u4e61\u6751\u632f\u5174": 0.1,
  "\u5730\u533a\u4e00\u4f53\u5316": 0.7,
  "\u7ecf\u6d4e\u591a\u5143\u5316": 0.3,
  "\u4e3b\u5e2d\u9080\u8bf7": 0.2111111111111111,
  "\u6708\u65e5": 0.2,
  "\u4e2d\u56fd\u5df4\u897f\u5173\u7cfb": 0.1,
  "\u4e2d\u5df4\u5408\u4f5c": 0.1,
  "\u91d1\u7816\u56fd\u5bb6": 0.1,
  "\u8d38\u6613\u6295\u8d44;": 0.1,
  "\u671d\u9c9c": 0.5,
  "\u65e5\u672c": 0.5,
  "\u5168\u56fd\u4eba\u6c11\u4ee3\u8868\u5927\u4f1a\u5e38\u52a1\u59d4\u5458\u4f1a": 0.4,
  "\u674e\u8fdb\u519b": 0.3,
  "\u738b\u4e9a\u519b": 0.3,
  "\u5e7f\u5dde\u4f1a\u6664": 0.8,
  "\u4e2d\u6cd5\u5173\u7cfb": 1.6,
  "\u7ca4\u6e2f\u6fb3\u5927\u6e7e\u533a": 0.4,
  "\u5386\u53f2\u6587\u5316": 0.1,
  "\u4e2d\u56fd\u6cd5\u56fd\u5173\u7cfb": 0.1,
  "\u4e2d\u6b27\u5173\u7cfb": 2.4000000000000004,
  "\u7a33\u5b9a\u4e92\u5229": 0.5,
  "\u653f\u6cbb\u89e3\u51b3;": 0.1,